--Thêm dữ liệu cho bảng nhân viên
INSERT INTO NHANVIEN VALUES('NV001', 'Phan Hữu Thuận', 'P2, Q8, TP.HCM', '0939269326', 'pht2707@gmail.com', NULL, NULL, '999999999');
INSERT INTO NHANVIEN VALUES('NV002', 'Phạm Đức Toàn', 'Gò Vấp, TP.HCM', '0935483960', 'toan@gmail.com', NULL, NULL, '888888888');
INSERT INTO NHANVIEN VALUES('NV003', 'Lữ Hoàng Phi Tuấn', 'Hòa Hưng, Q10, TP.HCM', '0998473827', 'bo@gmail.com', NULL, NULL, '777777777');
INSERT INTO NHANVIEN VALUES('NV004', 'Nguyễn Minh Phong', 'P2, Q8, TP.HCM', '0965849380', 'phong@gmail.com', NULL, NULL, '666666666');
INSERT INTO NHANVIEN VALUES('NV005', 'Hồ Nguyễn Phương Thảo', 'P3, Q8, TP.HCM', '0974598456', 'mathi@gmail.com', NULL, NULL, '555555555');
select * from nhanvien;
--Thêm dữ liệu cho bảng chi nhánh
INSERT INTO CHINHANH VALUES('CN001', 'Chi nhánh 1', 'NV001');
INSERT INTO CHINHANH VALUES('CN002', 'Chi nhánh 2', 'NV002');
INSERT INTO CHINHANH VALUES('CN003', 'Chi nhánh 3', 'NV003');
INSERT INTO CHINHANH VALUES('CN004', 'Chi nhánh 4', 'NV004');
INSERT INTO CHINHANH VALUES('CN005', 'Chi nhánh 5', 'NV005');

ALTER SESSION SET nls_date_format='dd-mm-yyyy';

--Thêm dữ liệu cho bảng phòng ban
INSERT INTO PHONGBAN VALUES('PHG001', 'Phòng ban 1', 'NV001', '27/07/1996', 100, 'CN001');
INSERT INTO PHONGBAN VALUES('PHG002', 'Phòng ban 2', 'NV002', '26/06/1997', 200, 'CN002');
INSERT INTO PHONGBAN VALUES('PHG003', 'Phòng ban 3', 'NV003', '26/05/1998', 300, 'CN003');
INSERT INTO PHONGBAN VALUES('PHG004', 'Phòng ban 4', 'NV004', '24/04/1999', 400, 'CN004');
INSERT INTO PHONGBAN VALUES('PHG005', 'Phòng ban 5', 'NV005', '23/03/2000', 500, 'CN005');

--Update dữ liệu cho bảng nhân viên
UPDATE NHANVIEN SET CHINHANH = 'CN001', MAPHONG = 'PHG001' WHERE MANV = 'NV001';
UPDATE NHANVIEN SET CHINHANH = 'CN002', MAPHONG = 'PHG002' WHERE MANV = 'NV002';
UPDATE NHANVIEN SET CHINHANH = 'CN003', MAPHONG = 'PHG003' WHERE MANV = 'NV003';
UPDATE NHANVIEN SET CHINHANH = 'CN004', MAPHONG = 'PHG004' WHERE MANV = 'NV004';
UPDATE NHANVIEN SET CHINHANH = 'CN005', MAPHONG = 'PHG005' WHERE MANV = 'NV005';

--Thêm dữ liệu cho bảng dự án
INSERT INTO DUAN VALUES('DA001', 'Dự án 1', 100000000000, 'PHG001', 'NV001');
INSERT INTO DUAN VALUES('DA002', 'Dự án 2', 90000000000, 'PHG001', 'NV002');
INSERT INTO DUAN VALUES('DA003', 'Dự án 3', 80000000000, 'PHG001', 'NV003');
INSERT INTO DUAN VALUES('DA004', 'Dự án 4', 70000000000, 'PHG001', 'NV004');
INSERT INTO DUAN VALUES('DA005', 'Dự án 5', 60000000000, 'PHG001', 'NV005');
INSERT INTO DUAN VALUES('DA006', 'Dự án 6', 1234567891234, 'PHG001', 'NV001');

--Thêm dữ liệu cho bảng chi tiêu
INSERT INTO CHITIEU VALUES('CT001', 'Chi tiêu 1', 1000000, 'DA001');
INSERT INTO CHITIEU VALUES('CT002', 'Chi tiêu 2', 1000000, 'DA002');
INSERT INTO CHITIEU VALUES('CT003', 'Chi tiêu 3', 1000000, 'DA003');
INSERT INTO CHITIEU VALUES('CT004', 'Chi tiêu 4', 1000000, 'DA004');
INSERT INTO CHITIEU VALUES('CT005', 'Chi tiêu 5', 1000000, 'DA005');

--Thêm dữ liệu cho bảng phân công
INSERT INTO PHANCONG VALUES('NV001', 'DA001', 'Trưởng dự án', 99999999);
INSERT INTO PHANCONG VALUES('NV002', 'DA001', 'Phó dự án', 9999999);
INSERT INTO PHANCONG VALUES('NV003', 'DA001', 'Lính', 9999999);
INSERT INTO PHANCONG VALUES('NV004', 'DA001', 'Lác', 9999999);
INSERT INTO PHANCONG VALUES('NV005', 'DA001', 'La liếm', 9999999);

--Tạo và phân quyền trên nhân viên
CREATE ROLE NHANVIEN_ROLE;
GRANT CREATE SESSION TO NHANVIEN_ROLE;
GRANT SELECT ON NHANVIEN TO NHANVIEN_ROLE;
GRANT EXECUTE ON VIEW_LUONG_NHANVIEN TO NHANVIEN_ROLE;
GRANT EXECUTE ON DEC_SYMMETRIC TO NHANVIEN_ROLE;

--Tạo user
CREATE USER NV001 IDENTIFIED BY 123456; 
CREATE USER NV002 IDENTIFIED BY 123456; 
CREATE USER NV003 IDENTIFIED BY 123456; 
CREATE USER NV004 IDENTIFIED BY 123456; 
CREATE USER NV005 IDENTIFIED BY 123456; 

--Cấp quyền vai trò cho user
GRANT NHANVIEN_ROLE TO NV001;
GRANT NHANVIEN_ROLE TO NV002;
GRANT NHANVIEN_ROLE TO NV003;
GRANT NHANVIEN_ROLE TO NV004;
GRANT NHANVIEN_ROLE TO NV005;